id,nome,codigo,condicao,minimo,intermediario,materia,capa
1,Conhecer as principais  características do armamento  individual e coletivo da OM.,B-101,"Exemplares de todos os armamentos da OM deverão ser expostos em estandes ou oficinas e identificados com as características mais importantes.
Dentro do possível, deverá ocorrer no estande uma demonstração do tiro das armas. 
Observação: a demonstração poderá ocorrer quando da execução do Tiro de Instrução Básico (TIB).","Identificar, corretamente, as características principais dos armamentos.","- Identificar as características principais do armamento da OM.
- Descrever o efeito dos tiros dos armamentos da OM .
- Demonstrar o conhecimento das características dos armamentos da OM.",1,
2,Desmontar e montar o fuzil.,B-102,"A tarefa deverá ser realizada, inicialmente, em ambientes bem iluminados, passando gradualmente a pouco iluminados, chegando à escuridão total. Ao final da subfase, o militar deverá realizar o OII com os olhos vendados.","- Realizar a desmontagem em um minuto.
- Identificar as peças principais do fuzil.
- Realizar a montagem, em um minuto, deixando a arma em condições de funcionar.
- Manusear as peças com cuidado, para não danificar o armamento.","- Identificar os principais procedimentos de segurança no manuseio da arma.
- Identificar as características básicas da arma.
- Identificar as partes e as peças principais da arma.
- Desmontar e montar o fuzil em condições variadas de luminosidade.
- Realizar a manutenção de 1º escalão do fuzil.
- Demonstrar a capacidade de desmontar e montar o fuzil (1ºescalão).",1,
3,Sanar incidentes de tiro do fuzil,B-103,Deverão ser simulados no fuzil vários tipos de incidentes de tiro.,"- Identificar corretamente os incidentes.
- Executar, acertadamente, com segurança e com presteza, as ações imediatas para sanar o incidente.","- Descrever com segurança o modo de utilização correto da arma.
- Identificar os principais incidentes de tiro.
- Demonstrar as ações imediatas para sanar os incidentes.",1,
4,Instrução Preparatória para o  Tiro (IPT) - executar as técnicas e procedimentos para a  execução do tiro com o fuzil.,B-104,Deverão ser executados o Teste da Instrução Preparatória (TIP) e a IPT.,Demonstrar o desempenho exigido na IPT e no TIP.,"- Identificar os princípios básicos da pontaria e do tiro com o fuzil.
- Executar as oficinas da IPT.
- Executar o TIP.
- Conhecer e aplicar as normas de segurança do estande.",1,
5,Executar o TIB do fuzil.,B-105,Executar os tiros previstos nas Instruções Gerais de Tiro com o Armamento do Exército (IGTAEx) e nas Instruções Reguladoras de Tiro com Armamento do Exército (IRTAEx).,"Aplicar as técnicas e os procedimentos para a execução do tiro.
Obter os índices de suficiência previstos no Módulo Didático do TIB.","- Realizar as sessões TIB.
- Aplicar as normas de segurança no estande.
- Realizar a manutenção do fuzil (anterior e posteriormente à realização do tiro previsto)",1,
6,Usar a faca de trincheira e  a baioneta.,B-106,Manusear uma faca de trincheira e uma baioneta.,"Manusear corretamente a faca.
Manusear corretamente a baioneta.","- Identificar as características da faca de trincheira e da baioneta.
- Apontar as finalidades da faca de trincheira e da baioneta.
- Utilizar a faca de trincheira.
- Utilizar a baioneta.
- Fazer a limpeza e a conservação da faca de trincheira e da baioneta.",1,
7,Conhecer as principais características da espingarda  calibre 12. (OM dotada),B-107,Apresentar a espingarda calibre 12,Identificar as partes principais do armamento.,"- Identificar os principais procedimentos de segurança no manuseio da arma.
- Identificar as características básicas da arma.
- Identificar as partes e as peças principais da arma.
- Realizar a manutenção de 1º escalão.",1,
8,Sanar incidentes de tiro da  Espingarda calibre 12. (OM dotada),B-108,Deverão ser simulados vários tipos de incidentes de tiro.,"Identificar corretamente os incidentes 
Executar acertadamente, com segurança e com presteza, as ações imediatas para sanar os incidentes.","- Descrever o modo de utilização correto da arma, com segurança.
- Identificar os principais incidentes de tiro.
- Demonstrar as ações imediatas para sanar os incidentes.",1,
9,IPT - Aplicar as técnicas e  os procedimentos para a execução da pontaria e do tiro  com a Espingarda calibre 12. (OM dotada),B-109,Deverão ser executados o TIP e a IPT,Demonstrar o desempenho exigido na IPT e no TIP.,"- Identificar os princípios básicos da pontaria e do tiro com a Espingarda calibre 12.
- Executar as oficinas da IPT.
- Realizar o TIP.
- Conhecer e aplicar as normas de segurança no estande.",1,
10,Executar o TIB da espingarda  calibre 12. (OM dotada),B-110,Executar os tiros previstos nas IGTAEx e IRTAEx.,"Aplicar as técnicas e procedimentos para a execução do tiro.
Obter os índices de suficiência previstos no Módulo Didático do TIB.","- Realizar a sessão TIB.
- Aplicar as normas de segurança do estande.
- Realizar a manutenção da espingarda calibre 12.",1,
11,Desmontar e montar a Metralhadora de Mão (Mtr M) OM de PE.,B-111,"Deverão ser apresentadas ao militar uma Mtr M, suas características principais e sua desmontagem e montagem","Realizar a desmontagem.
Identificar as peças principais.
Realizar a montagem deixando a arma em condições de funcionar.
Manusear as peças com cuidado, para não danificar o armamento.","- Identificar os principais procedimentos de segurança no manuseio da arma.
- Identificar as características básicas da arma.
- Identificar, pelo nome, as partes e as peças principais da arma.
- Desmontar e montar a Mtr M.
- Realizar a manutenção de 1º escalão.",1,
12,Sanar incidentes de tiro da Mtr  M (OM de PE),B-112,"Deverão ser simulados na Mtr vários 
tipos de incidentes de tiro.","Identificar corretamente os incidentes.
Executar, acertadamente, com segurança e com presteza, as ações imediatas para sanar o incidente.","- Descrever o modo de utilização correto da arma.
- Identificar os principais incidentes de tiro.
- Demonstrar as ações imediatas para sanar os incidentes.",1,
13,IPT - Aplicar as técnicas e  os procedimentos para a execução do tiro com a Mtr M.  (OM de PE),B-113,Deverão ser executados o TIP e a IPT,Demonstrar o desempenho exigido no TIP.,"- Identificar os princípios básicos da pontaria e do tiro com a Mtr M.
- Executar as oficinas da IPT.
- Realizar o TIP.
- Conhecer e aplicar as normas de segurança do estande.",1,
14,Executar o TIB da Mtr M (OM de PE),B-114,Executar os tiros previstos nas IGTAEx e IRTAEx.,"Aplicar as técnicas e procedimentos para a execução do tiro.
Obter os índices de suficiência previstos no Módulo Didático do TIB, ficando em condições de empregar a arma com segurança.","- Realizar as sessões TIB.
- Aplicar as normas de segurança do estande.
- Realizar a manutenção do fuzil (anterior e posterior à realização do tiro previsto).",1,
15,Tratar corretamente os superiores e pares.,B-101,Apresentadas diversas situações,Demonstrar as atitudes adequadas para o relacionamento diário entre os superiores e pares.,"- Identificar atitudes corretas a serem observadas no trato com superiores e pares.
- Identificar vícios de linguagem que devem ser evitados.
- Demonstrar corretamente o tratamento a ser empregado nas diversas situações.",2,
16,Comportar-se adequadamente  durante as refeições.,B-102,Apresentadas diversas situações.,Demonstrar as atitudes adequadas durante as refeições.,"- Utilizar corretamente a bandeja, os talheres e outros utensílios.
- Descrever a conduta preconizada nas Normas Gerais de Ação (NGA) da OM.
- Proceder, corretamente, quando da entrada do Comandante (Cmt)/Chefe(Ch)/Diretor (Dir) de OM ou autoridade superior no rancho, durante a refeição.
-Apresentar um comportamento adequado nas refeições.",2,
17,Tratar corretamente o público externo,B-103,Apresentadas diversas situações.,"Tratar o público externo com polidez e fineza, porém com firmeza.","- Descrever os procedimentos corretos com o público externo.
- Compreender a firmeza de atitudes e o tratamento cortês, como base para a obtenção da autoridade. Demonstrar esses procedimentos.",2,
18,"Comportar-se, adequadamente, em situações que ocorram  dentro e fora do quartel.",B-104,"Durante as formaturas, revistas, leitura de boletins, após o silêncio e 
em qualquer outra situação de rotina 
interna ou externa ao quartel.","Demonstrar atitudes e procedimentos adequados e cumprir os horários 
estabelecidos.","- Descrever o procedimento individual na execução das principais rotinas internas da OM.
- Compreender a importância do papel que cada militar desempenha como representante do Exército, em qualquer situação, seja em quartéis ou no meio civil.",2,
19,Executar a camuflagem  individual.,B-101,"Dada a missão de executar a sua camuflagem.
O militar deverá ser observado de posições distintas, apresentando correta camuflagem individual para as operações diurnas e noturnas.",Executar uma correta camuflagem para as operações diurnas e noturnas.,"- Identificar os princípios básicos da camuflagem, particularmente a individual.
- Identificar materiais naturais e artificiais adequados para a camuflagem individual.
- Demonstrar as técnicas de camuflagem individual (inclusive da arma e do equipamento) para as operações diurnas e noturnas.",3,
20,"Camuflar uma posição,  mascarando, simulando ou  dissimulando.",B-102,"Serão dados um armamento orgânico da OM, o material necessário à camuflagem.","Os militares, na realização da tarefa, deverão observar os seguintes aspectos:
- a camuflagem realizada deverá dificultar a identificação da posição, para uma observação feita a olho nu, de cerca de 400 metros; e
- o material de camuflagem deverá ser empregado adequadamente;
- a camuflagem realizada deverá confundir-se com a paisagem local; e
- as regras de camuflagem deverão ser obedecidas.","- Citar os processos de camuflagem.
- Citar os princípios de camuflagem.
- Descrever os aspectos a serem observados na disciplina de camuflagem.
- Citar as regras de manutenção da camuflagem.
- Citar os tipos de materiais empregados na camuflagem.
- Citar as regras gerais de camuflagem.
- Citar a importância da camuflagem como meio para escapar à observação aérea e terrestre do inimigo.
- Citar a importância da camuflagem com relação às cores e à fumaça.
- Relacionar as cores adequadas ao pessoal , às viaturas e ao equipamento com o tipo de terreno e vegetação.
- Distinguir mascaramento, simulação e dissimulação.
- Descrever os principais procedimentos a serem observados durante a dissimulação e o mascaramento das posições do armamento orgânico da OM.
- Utilizar a rede de camuflagem de acordo com o armamento.
- Descrever os principais procedimentos a serem observados durante a dissimulação e o mascaramento dos acampamentos, bivaques e acantonamentos.
- Demonstrar aptidão para o cumprimento da tarefa constante do OII.",3,
21,Camuflar uma viatura.,B-103,"Serão dados ao militar uma viatura, a região onde a tarefa deverá ser realizada e módulos de redes de camuflagem para viaturas.
Será formada uma equipe de três homens, para a realização da tarefa.","Os militares, na realização da tarefa, deverão observar os seguintes aspectos:
- a camuflagem realizada deverá dificultar a identificação terrestre e aérea;
- o material de camuflagem deverá ser empregado adequadamente;
- a camuflagem deverá confundir-se com a paisagem local; e
- as regras de camuflagem deverão ser obedecidas.","- Descrever os processos de execução da camuflagem nos estacionamentos.
- Descrever os principais procedimentos para a dissimulação e o mascaramento dos órgãos de uma SU.
- Descrever os principais procedimentos para a camuflagem de viaturas e do material.
- Enumerar os cuidados a serem observados para evitar a modificação do aspecto natural do terreno.
- Descrever os procedimentos para aproveitar as cobertas e os abrigos naturais.
- Demonstrar aptidão para o cumprimento da tarefa constante do OII.",3,
22,Camuflar uma instalação.,B-104,"Deverá ser apresentada uma região do terreno e o tipo de instalação a ser camuflada.
Serão dados ao militar:
- uma rede de camuflagem;
- material de sapa; e 
Será formada uma equipe de três homens, para a realização da tarefa.","O militar, na realização da tarefa, deverá:
- escolher, no terreno, o local que ofereça melhores condições de abrigo e coberta;
- camuflar a instalação de modo que dificulte a observação aérea e terrestre.
- o material de camuflagem deverá ser empregado adequadamente; e
- a camuflagem deverá confundir-se com a paisagem do local;
- as regras de camuflagem deverão ser obedecidas.","- Descrever os principais procedimentos para a camuflagem das instalações.
- Demonstrar aptidão para o cumprimento da tarefa constante do OII.",3,
23,Aplicar as técnicas de Combate  Corpo a Corpo.,4-01,"As prevista no Caderno de Instrução de Combate Corpo a Corpo (EB70--CI-11.414).
Todas as atividades deverão ser precedidas de demonstração e realizadas de forma gradual.",O militar deverá empregar corretamente as técnicas de Combate Corpo a Corpo.,- De acordo com o Caderno de Instrução de Combate Corpo a Corpo (EB701-CI-11.414).,4,
24,Conhecer as principais características do material de comunicações existente na OM.,B-101,"Exemplares de todo o material de comunicações da OM deverão ser expostos em estandes ou oficinas, identificados com cartazes com as características mais importantes.
Deverá ser realizada uma demonstração de emprego de cada equipamento.",Diferenciar corretamente os diversos equipamentos apresentados.,"- Identificar as principais características do equipamento rádio.
- Identificar as principais características do equipamento fio.",5,
25,Transmitir e receber verbalmente uma mensagem  simples.,B-102,"Dada uma mensagem, com três idéias simples, que produza uma mensagem de retorno, com duas idéias simples.",Cumprir a tarefa mantendo a fidelidade das idéias a serem transmitidas.,"- Descrever os deveres e os procedimentos do mensageiro.
- Avaliar a importância da missão do mensageiro.
- Demonstrar a capacidade de transmitir, verbalmente, uma mensagem.",5,
26,Retransmitir a mensagem,B-103,"Em um terreno que permita deslocamento através campo, deverá ser montado um percurso com diversos incidentes.
Cinco minutos antes de ser liberado, o militar deve receber indicação do itinerário e a mensagem a ser transmitida (de preferência verbal). Esta instrução poderá ser realizada no período noturno.
Este OII poderá ser cumprido junto com a aplicação das Matérias Higiene e Primeiros Socorros, Utilização do Terreno e Observação e Orientação.","Durante a execução da tarefa o militar deverá:
- receber a identificação do percurso;
- receber a mensagem e memorizá-la; 
- realizar o percurso sem desviar-se de seu objetivo; e
- transmitir, ao final do percurso, a mensagem sem que haja perda do seu significado.","- Descrever a importância do mensageiro.
- Citar a missão do mensageiro.
- Citar como se classificam os mensageiros.
- Descrever como são empregados os mensageiros.
 - Citar quais são as qualidades inerentes ao bom mensageiro.
- Fazer a transmissão de mensagens de maneira rápida e segura.
- Descrever as operações e os cuidados a serem realizados e observados no recebimento e na transmissão de mensagens por mensageiros.
- Distinguir mensageiro de escala de especial.
- Descrever a diferença de atuar dos diversos tipos de mensageiros.",5,
27,"Atuar como mensageiro, em  situação de combate.",B-104,"Em um terreno que permita deslocamento através campo, deverá ser montado um percurso com diversos incidentes.
Cinco minutos antes de ser liberado, o militar deve receber indicação do itinerário e a mensagem a ser transmitida (de preferência verbal). Esta instrução poderá ser realizada no período noturno.
Este OII poderá ser cumprido junto com a aplicação das Matérias Higiene e Primeiros Socorros, Utilização do Terreno e Observação e Orientação.","Durante a execução da tarefa o militar deverá:
- receber a identificação do percurso;
- receber a mensagem e memorizá-la; 
- realizar o percurso sem desviar-se de seu objetivo; e
- transmitir, ao final do percurso, a mensagem sem que haja perda do seu significado.","- Descrever a importância do mensageiro.
- Citar a missão do mensageiro.
- Citar como se classificam os mensageiros.
- Descrever como são empregados os mensageiros.
 - Citar quais são as qualidades inerentes ao bom mensageiro.
- Fazer a transmissão de mensagens de maneira rápida e segura.
- Descrever as operações e os cuidados a serem realizados e observados no recebimento e na transmissão de mensagens por mensageiros.
- Distinguir mensageiro de escala de especial.
- Descrever a diferença de atuar dos diversos tipos de mensageiros.",5,
28,Identificar as principais normas  internacionais que tratam  dos conflitos armados e suas  peculiaridades,B-101,Apresentado um resumo dos principais conceitos e normas internacionais (fundamentos do Direito Internacional dos Conflitos Armados - DICA) e suas consequências.,Identificar as principais normas e suas implicações para a conduta em combate.,"- Conhecer, de forma breve, o histórico sobre a origem do DICA. Regras essenciais do DICA.
- Conhecer a Legislação Internacional (Convenções de Genebra), citando os protegidos por esta Convenção.
- Citar o preconizado pelo direito de Haia e de Nova Iorque.
- Conhecer a listagem de atos internacionais relativos aos direitos humanos, dos quais o Brasil é signatário.
 - Conhecer a Declaração Universal dos Direitos do Homem.
 - Conhecer a Convenção Americana sobre Direitos Humanos (Pacto de São José).
 - Conhecer a Convenção sobre a Proteção dos Direitos do Homem e Liberdades Fundamentais.",6,
29,"Identificar o comportamento  adequado em relação às Regras  de Engajamento, símbolos,  distintivos e protetores, em  especial, para tropas em Missão  de Paz.",B-102,"Apresentadas as principais Regras de Engajamento, símbolos distintivos e protetores, destacando as previstas pela Organização das Nações Unidas (ONU).","Diferenciar o comportamento a ser tomado em face das Regras de Engajamento, símbolos distintivos e protetores, considerando as orientações da ONU.","- Descrever as Regras de Engajamento.
- Conhecer as Regras de Engajamento da ONU.
- Apresentar os símbolos distintivos e protetores.
- Conhecer os princípios base do uso da força militar e a atuação do Poder Judiciário.",6,
30,Identificar os procedimentos  a serem adotados quanto às  Forças Oponentes:  - com pessoal capturado ou que  se rende; e - com pessoal ferido ou doente.,B-103,"Apresentados os procedimentos a serem tomados com o pessoal capturado ou que se rende e ferido ou doente (Força Oponente).
(este OII poderá ser executado por meio de uma Pista de Aplicação, em consonância com a Matéria Higiene e Primeiros Socorros)",Identificar corretamente os procedimentos a serem tomados com pessoal capturado ou que se rende e com o pessoal ferido ou doente.,"- Identificar os procedimentos com pessoal capturado e com o pessoal que se rende.
- Identificar os procedimentos com pessoal ferido e com o pessoal doente.",6,
31,"Conhecer o Estatuto do  Combatente, do Prisioneiro  de Guerra (PG) e o tratamento  dispensado ao pessoal das  atividades de saúde e das  atividades religiosas.",B-104,"Será Ministrada palestra sobre o Estatuto do Combatente, PG e sobre o tratamento dispensado ao pessoal de saúde e religioso.","Identificar os principais direitos do Combatente, do PG e o tratamento dispensado ao pessoal de saúde e religioso.","- Identificar os direitos do Combatente e do PG.
- Identificar o tratamento dispensado ao pessoal de saúde e religioso.",6,
32,"Identificar a situação de detidos,  internados, transferidos,  refugiados e deslocados.",B-105,"Será realizada palestra sobre o amparo legal existente e procedimentos com detidos, internados, transferidos, refugiados e deslocados.",Identificar procedimentos a serem observados no trato com refugiados e deslocados.,"- Conhecer a Convenção Relativa ao Estatuto dos Refugiados.
 - Conhecer o Protocolo sobre Estatuto dos Refugiados.
 - Identificar procedimentos a serem respeitados em Campo de Refugiados.
 - Identificar procedimentos com deslocados. 
- Identificar a aplicação do DICA na garantia da manutenção da dignidade humana dos detidos, internados e transferidos, observando a referência contida nas publicações editadas pela Organização das Nações Unidas.",6,
33,Identificar os procedimentos  com a população civil.,B-106,Serão apresentados os procedimentos e comportamentos com a população civil.,Identificar corretamente os procedimentos a serem tomados com a população civil.,"- Descrever os procedimentos com a população civil.
- Descrever os procedimentos com os bens pessoais.
- Identificar os sinais de proteção.",6,
34,"Conhecer as obrigações do  Brasil como signatário dos  Acordos Internacionais, em  particular o Regulamento  Internacional para Emprego da  Força Militar.",B-107,Será realizada palestra sobre os Acordos e sobre o Regulamento.,Identificar as principais obrigações do Brasil como signatário do Regulamento Internacional para Emprego da Força Militar.,"- Citar os principais Acordos ratificados ou aderidos pelo Brasil.
- Identificar os conceitos de: proporcionalidade, limitação, necessidade, comportamento na ação e evacuação, direito de ocupação e zonas de retaguarda.",6,
35,"- Conhecer as peculiaridades do  Tribunal Penal Internacional e  os crimes contra a humanidade.  - Conhecer os direitos dos  náufragos e as considerações  sobre o espião, o mercenário  e os mortos.",B-108,"Palestra sobre o Tribunal Penal Internacional, os crimes contra a humanidade, os direitos dos náufragos e as considerações sobre o espião, o mercenário e os mortos.","- Identificar as principais peculiaridades do Tribunal, os principais direitos dos náufragos e as principais considerações sobre o espião, o mercenário e os mortos. 
- Citar os crimes contra a humanidade.","- Identificar as peculiaridades do Tribunal.
- Identificar os crimes contra a humanidade.
- Identificar os direitos dos náufragos.
- Identificar as considerações sobre o espião, o mercenário e os mortos.",6,
36,"- Conhecer os direitos da  tripulação embarcada em  aeronave militar, dos refugiados  e dos deslocados.  - Conhecer as considerações  sobre os alvos. - Conhecer a aplicação do DICA  nas Operações de Paz.",B-109,"Palestra sobre os direitos da tripulação embarcada em aeronave militar, os direitos dos refugiados, o direito dos deslocados, os alvos e sobre a aplicação do DICA nas Operações de Paz.","- Identificar os principais direitos da tripulação embarcada em aeronave militar, dos refugiados e dos deslocados.
- Identificar as principais considerações sobre os alvos e sobre a aplicação do DICA nas Operações de Paz.","- Identificar os direitos da tripulação embarcada em aeronave militar. 
- Identificar os direitos dos refugiados e dos deslocados. 
- Identificar as considerações sobre os alvos. 
- Identificar a aplicação do DICA nas Operações de Paz",6,
37,Identificar os principais  deveres e direitos do soldado.,B-101,Apresentadas situações diversas para a identificação dos deveres e direitos dos soldados.,"Responder, corretamente, a maioria das questões formuladas","- Descrever os principais deveres do Soldado.
- Descrever os principais direitos do Soldado.
- Descrever a sistemática da promoção a Cabo.
- Descrever as condições de acesso ao Curso de Formação de Sargentos Temporários (CFST) e às escolas de formação do Exército Brasileiro (EB) Escola Preparatória de Cadetes do Exército (EsPCEx), Academia Militar das Agulhas Negras (AMAN) e Escola de Sargento das Armas (EsSA).
- Demonstrar o conhecimento dos seus deveres e direitos.",7,
38,Identificar pelos nomes e  funções os oficiais da OM e os  graduados da SU.,B-102,Deverão ser apresentados os oficiais da OM e as praças da SU.,"O militar deverá identificar corretamente:
- na 1ª Semana de Instrução (SI) 
- Cmt e Sub Cmt OM, Cmt, Encarregado (Encr) de Material (Mat), Sargento (Sgt) e da SU e Oficial (Of)/Sgt do Pelotão (Pel)/Seção (Seç);
- na 2ª SI - demais Of / Sgt da SU; e
- na 3ª SI - demais Of da OM.","- Identificar a GU enquadrante da OM e as demais OM (de combate, de apoio ao combate e de apoio logístico) componentes dessa GU.
- Identificar a organização geral da OM.
- Identificar as OM da guarnição.
- Localizar no quartel os principais órgãos e dependências.
- Citar o nome de guerra dos Comandante Militar de Aréa (C Mil A), Região Militar (RM)/Divisão de Exército (DE) e Brigada (Bda) (ou equivalentes) que enquadram a OM.
- Identificar os oficiais da OM e os graduados da SU.",7,
39,"Identificar as SU pertencentes à  OM, seus pelotões e respectivas  missões.",B-103,Apresentar uma relação com a denominação das SU (repartições) e com as Missões das SU e Pel da OM,O militar deverá identificar o nome de todas as SU pertencentes à OM e a missão de todas as SU da OM e a dos Pel das respectivas SU.,"- Identificar a organização da OM.
- Enunciar a missão das SU da OM e dos Pel das respectivas SU.",7,
40,"Conhecer as atividades  realizadas pelas Forças,  em particular pelo Exército  Brasileiro, no Brasil e no  exterior.",B-104,Será ministrada palestra sobre as atividades realizadas pelas Forças,- Identificar as principais atividades realizadas pelo Exército Brasileiro no Brasil e no exterior.,"- Identificar as atividades realizadas pelas Forças, em particular pelo Exército Brasileiro, no Brasil e no exterior.",7,
41,Conhecer os direitos e garantias  fundamentais expressos na  Constituição da República  Federativa do Brasil (ênfase  no Título II – “Dos Direitos e  Garantias Fundamentais” – Art.  5º ao 17º).,B-105,Será ministrada palestra sobre os direitos e garantias fundamentais tipificados na Constituição da República Federativa do Brasil (Título II – “Dos Direitos e Garantias Fundamentais” – Art. 5º ao 17º).,- Identificar a legislação nacional que trata dos direitos e garantias fundamentais.,"- Identificar a legislação nacional que trata dos direitos e garantias fundamentais.
- Identificar os direitos e deveres individuais e coletivos.
- Identificar os direitos sociais e os princípios da nacionalidade.
- Identificar os direitos políticos e os princípios dos partidos políticos.
- Apontar os aspectos mais relevantes à preparação dos militares das Forças Armadas para o cumprimento das missões constitucionais pautadas na Constituição da República Federativa do Brasil, que concretizem, no plano interno, o direito internacional de direitos humanos.",7,
42,Conhecer a Lei nº 12.527/2011  - acesso à informação pública.,B-106,Será realizada palestra sobre a legislação nacional que regula o acesso à informação pública.,- Identificar a legislação nacional que regula o acesso à informação pública.,"- Identificar a legislação nacional que regula o acesso à informação pública.
- Identificar os procedimentos a serem observados pela União, Estados, Distrito Federal e Municípios, com o fim de garantir o acesso às informações. 
- Identificar os aspectos relativos ao acesso e divulgação às informações.
- Identificar as restrições de acesso à informação.
- Identificar as responsabilidades do agente público ou militar, da pessoa física ou entidade privada e dos órgãos e entidades públicas.",7,
43,Conhecer a Lei nº 6.880/1980  - Dispõe sobre o Estatuto dos  Militares (ênfase no Título II –  “Das Obrigações e dos Deveres  Militares” – Art. 27 ao 52),B-107,Será ministrada palestra sobre a legislação nacional que dispõe sobre as Obrigações e os Deveres Militares.,- Identificar a legislação nacional que dispõe sobre as obrigações e os deveres militares.,"- Identificar a legislação nacional que dispõe sobre as obrigações e os deveres militares.
- Relacionar, na legislação militar, os valores éticos, morais e deveres militares vinculados à temática dos direitos humanos.",7,
44,"Conhecer a Lei Complementar  nº 136/2010 – Altera a Lei  Complementar (LC) 97/1999 e  dispõe sobre as normas gerais  para a organização, o preparo e  o emprego das Forças Armadas  (ênfase nos Art. 16º a 18º).",B-108,"Palestra sobre a legislação nacional que dispõe sobre as normas gerais para a organização, o preparo e o emprego das Forças Armadas, cria o EstadoMaior Conjunto das Forças Armadas e disciplina as atribuições do Ministro de Estado da Defesa.","- Identificar a legislação nacional que dispõe sobre as normas gerais para a organização, o preparo e o emprego das Forças Armadas, cria o EstadoMaior Conjunto das Forças Armadas e disciplina as atribuições do Ministro de Estado da Defesa.","- Identificar a legislação nacional que dispõe sobre as normas gerais para a organização, o preparo e o emprego das Forças Armadas. 
- Identificar, dentre as atribuições subsidiárias, as ações realizadas pelas Forças Armadas que visam cooperar com o desenvolvimento nacional e a defesa civil, por intermédio da participação em campanhas institucionais de utilidade pública ou de interesse social, que caracterizem a participação militar em atividades de cunho social, educativo, cívico e assistencial, de grande valia para a consecução dos fins essenciais do estado brasileiro, em face dos princípios constitucionais da proteção e da promoção da cidadania e da dignidade da pessoa humana.",7,
45,Conhecer a legislação internacional sobre a tortura e o  desaparecimento forçado.,B-109,Será realizada palestra sobre as convenções internacionais relativas à tortura e ao desaparecimento forçado.,Conhecer as situações passíveis de punição por crime de tortura e desaparecimento forçado.,"- Conhecer a Convenção Contra Tortura e Outros Tratamentos ou Penas Cruéis, Desumanos ou Degradantes.
 - Conhecer a Convenção Interamericana para Prevenir e Punir a Tortura.
 - Conhecer a Convenção Interamericana sobre o Desaparecimento Forçado de Pessoas.
 - Conhecer a Convenção Internacional para Proteção de todas as Pessoas contra o Desaparecimento Forçado.",7,
46,- Conhecer as principais  legislações brasileiras  sobre direitos humanos já  internalizadas no arcabouço  jurídico nacional e suas  abrangências. - Conhecer as regras de  engajamento em operações  de Garantia da Lei e da Ordem  (GLO).,B-110,"Será Ministrada palestra da legislação nacional sobre os direitos humanos e suas abrangências (Programa Nacional de Direitos Humanos; Estatuto da Criança e do Adolescente; violência doméstica e familiar contra a mulher; apoio aos deficientes, proporcionando-os integração social; acesso à informação pública e os crimes de tortura, de genocídio e resultantes de preconceito de raça ou de cor, já internalizadas no arcabouço jurídico nacional e regras de engajamento em operações de GLO.","- Identificar as principais legislações brasileiras que dispõem sobre os direitos humanos e suas abrangências, já internalizadas no arcabouço jurídico nacional e as regras de engajamento em operações de GLO","- Identificar e definir a legislação nacional que define os crimes de tortura, de genocídio e os resultantes de preconceito de raça ou de cor.
- Realizar as tarefas apresentadas com correção, baseando-se nas legislações nacionais pertinentes.
- Identificar o modo de atuação militar adotado pela Força por meio das regras de engajamento em operações de GLO.",7,
47,"Conhecer a legislação  internacional que ampara os  Direitos Civis e Políticos e os  aspectos gerais relacionados  às decisões da Corte  Interamericana de Direitos  Humanos, bem como sua  jurisprudência.",B-111,Será realizada palestra sobre o amparo internacional aos Direitos Civis e Políticos e decisões da Corte Interamericana de Direitos Humanos em casos de violações dos direitos humanos.,Conhecer a legislação internacional que protege os Direitos Civis e Políticos e as competências da Corte Interamericana de Direitos Humanos.,"- Conhecer o Pacto Internacional sobre Direitos Civis e Políticos.
- Conhecer a Convenção Internacional sobre a Eliminação de todas as Formas de Discriminação Racial e Discriminação Contra as Mulheres.
- Conhecer a Declaração dos Direitos da Criança.
- Citar exemplo de decisão da Corte Interamericana de Direitos Humanos.",7,
48,Empregar o fuzil contra aeronave atacante.,B-101,"Aeronave de asa fixa ou rotativa, realizando um ataque diurno, deve haver difusão do alerta antes do ataque. 
Empregar munição de festim.",O militar deverá executar as ações prevista para a defesa AAe.,"- Descrever o modo de atuação dos aviões.
- Citar as medidas de defesa antiaérea (ativas e passivas).
- Descrever o procedimento em caso de ataque aéreo.
- Descrever o emprego do fuzil na defesa contra ataques aéreos.
- Descrever as posições do atirador.",8,
49,Empregar o fuzil contra Carro  de Combate atacante.,B-102,"Blindado, figurante ou não, em aproximação direta; ataque diurno; deve haver difusão do alerta antes do ataque.",O militar deverá executar as ações previstas para a defesa AC.,"- Citar as normas para a escolha do alvo.
- Descrever o modo de atuação dos carros.
- Identificar os pontos de vulnerabilidade dos carros.
- Citar as medidas passivas de defesa anticarro.
- Citar as medidas ativas com o emprego do fuzil.
- Descrever os processos de vigilância anticarro.",8,
50,Identificar as atividades previstas no Plano de Defesa do  Aquartelamento (PDA).,B-101,"Em uma situação em que seja acionado o PDA.
Este OII poderá ser integrado com a Matéria Serviços Internos e Externos.","O militar deverá proceder de acordo com as ordens recebidas e as Normas de Engajamento, constantes do PDA.","- Identificar os procedimentos gerais e específicos relativos à defesa do aquartelamento.
- Reconhecer sua participação no desencadeamento do PDA.
- Aplicar as Normas de Engajamento e os procedimentos relativos à defesa do aquartelamento, estando de serviço ou não.
- Aplicar os procedimentos relativos à defesa do aquartelamento, no quadro da missão da SU.
- Demonstrar a aplicação dos procedimentos previstos no Regulamento Interno de Serviços Gerais (RISG), NGA/OM e nas Normas de Engajamento, no caso de acionamento do Plano de Chamada e o PDA.
- Comparecer ao aquartelamento, dentro do tempo previsto, quando acionado o Plano de Chamada.
- Operar os meios de comunicações utilizados no PDA.",9,
51,Identificar os Símbolos Nacionais e seus significados.,B-101,Serão apresentados os Símbolos Nacionais e formuladas perguntas aos Soldados.,O militar deverá identificar e saber o significado dos símbolos apresentados.,"- Definir Pátria.
- Identificar as Instituições Nacionais e o Exército Brasileiro em seu contexto.
- Conhecer os Símbolos Nacionais, com ênfase para o Hino e a Bandeira.",10,
52,Citar os principais dados  biográficos do Patrono do  Exército e da Arma (Quadro/Serviço).,B-102,"Apresentado um resumo dos dados do Duque de Caxias e do (s) Patrono (s) ligado (s) à(s) OM, serão formuladas perguntas aos Soldados.",O militar deverá responder acertadamente à maior parte das perguntas,"- Citar o nome do Patrono do Exército e dos Patronos ligados à OM.
- Demonstrar as razões para a escolha desses Oficiais como Patronos.",10,
53,Identificar a atuação do EB na  formação da nacionalidade e  nos fatos marcantes da vida  brasileira.,B-103,Apresentada a atuação do EB na formação da nacionalidade e nos fatos marcantes da vida brasileira.,"O militar deverá responder, corretamente, à maior parte das perguntas.","- A formação do EB.
- Atuação do Exército em fatos 
marcantes da vida brasileira:
1. Guararapes.
2. Independência.
3. Proclamação da República.
4. Guerras externas e internas 
5. Intentona Comunista.
6. 2ª Guerra Mundial.
7.Movimento Cívico/Militar Democrático de 31 Março de1964.
8. Contraguerrilha urbana e rural.
9. História do EB.
10. Participação em Operações de Manutenção da Paz, sob a égide da ONU e de outros organismos internacionais:
11. Força Armada Interamericana (FAIBRAS) na República Dominicana (21 MAIO 1965), Batalhão SUEZ (22 NOV 1956), Contigente Brasileiro para a Operação das Nações Unidas em Moçambique (COBRAMOZ -13 JUN 94) , Missão de Observadores Militares do Equador - Perú (MOMEP - 10 MAR 95), Observadores Militares na Eslavônia Oriental e Croácia (UNTAES-JAN 1996), Missão das Nações Unidas para Estabilização do Haiti (MINUSTAH - FEV 04) e outras.",10,
54,Descrever as características  da sociedade brasileira.,B-104,Apresentado as características da sociedade brasileira,"O militar deverá saber descrever as características da sociedade brasileira com ênfase na multiplicidade racial, no predomínio da lei, no respeito à vida, à busca da integração nacional e do aprimoramento da democracia.","- Citar os componentes étnicos da sociedade brasileira.
- Citar os tipos de instituições existentes na sociedade brasileira, exemplificando em termos locais.
- Citar a(s) atividade(s) econômica(s) predominante(s) na respectiva região.",10,
55,Identificar os princípios fundamentais da Constituição  Federal (CF).,B-105,A descrição deve ser feita na seqüência ou ao final da instrução sobre o assunto.,A identificação deve conter as idéias constantes do Art 1º / CF e a destinação constitucional das Forças Armadas.,"- Citar os fundamentos do Brasil como Estado democrático de direito.
- Citar os objetivos fundamentais da República Federativa do Brasil.
- Citar a destinação constitucional do EB.",10,
56,Cantar as canções militares.,B-106,"O canto deverá ser realizado, quando possível, com auxílio de regente e com música.",O militar deverá cantar corretamente as canções militares,"- Identificar as principais canções militares.
- Cantar corretamente as canções militares.",10,
57,Identificar o uso correto do  fardamento,B-101,Apresentados todos os uniformes previstos para o Soldado,O militar deverá saber utilizar corretamente todas as peças dos uniformes.,"- Identificar a composição dos uniformes do Soldado.
- Descrever os cuidados para manter os uniformes em bom estado e com boa apresentação.
- Participar de revistas de mostra de fardamento.
- Demonstrar o uso correto do uniforme.",11,
58,Construir um abrigo para dois  homens.,B-101,"A partir de dois setores de tiro definidos e nas seguintes condições: 
- trabalho executado de dia, por dois homens, com a utilização do equipamento e do armamento individual como unidade de medida;

- o local escolhido para abrigo deverá permitir a reunião do material necessário à sua preparação completa (revestimento interno, camuflagem, preparação dos campos de tiro etc.) – deverá ser empregado o ferramental portátil.",A construção deverá estar concluída em quatro horas (o tempo poderá ser ajustado em função do solo e das condições climáticas).,"- Identificar, pelo nome, o ferramental portátil para o combate básico.
- Descrever o emprego do ferramental.
- Identificar os principais trabalhos realizados em fortificação de campanha.
- Citar as principais características a que devem satisfazer as crateras e os acidentes naturais para que sejam aproveitados como abrigos sumários.
- Citar as principais características a que deve satisfazer um abrigo individual.
- Citar as principais características a que deve satisfazer um abrigo para dois homens.
- Descrever os principais cuidados a serem observados na construção de um abrigo individual.
- Descrever os principais cuidados a serem observados na construção de um abrigo para dois homens.",12,
59,Executar os sinais de respeito  e a continência individual.,B-101,"Deverão ser apresentadas situações corriqueiras da vida no quartel, incluindo:
- militar como condutor ou passageiro de viatura automóvel;
- militar acompanhando superior hierárquico;
-militar presenciando o hasteamento da Bandeira Nacional ou canto do Hino Nacional Brasileiro;
- militar presenciando a rendição da parada diária; e
- militar em situações diversas, durante o serviço de escala na SU e na guarda do quartel.O OII deverá ser cumprido até a 3ªsemana de Instrução.","O militar deverá proceder, corretamente, nas situações apresentadas.","- Identificar as diversas formas de manifestação dos sinais de respeito em situações diversas.
- Demonstrar o tratamento correto entre militares das Forças Armadas e das Forças Auxiliares.
- Descrever o significado e os procedimentos para a continência individual a pé firme e em deslocamento.
- Executar a continência individual em diferentes situações.
- Proceder à apresentação individual no interior da OM e fora da OM.
- Proceder, corretamente, para retirar-se da presença de superior.
- Demonstrar os sinais de respeito na vida diária da OM.",13,
60,Identificar os distintivos correspondentes aos postos e  as graduações das Forças  Armadas.,B-102,"Serão apresentados os distintivos em uso nas Forças Armadas, com ênfase para os de uso corrente na OM e na guarnição.","O militar deverá identificar, corretamente, os distintivos apresentados.","- os distintivos dos postos e graduações das Forças Armadas.
- os distintivos de cursos e estágios em uso no Exército.",13,
61,"Manter o asseio corporal,  a higiene oral e a profilaxia  sexual.",B-101,Apresentadas as principais medidas profiláticas.,Identificar as medidas para o asseio corporal a higiene oral e a profilaxia sexual.,"- Identificar as doenças sexualmente transmissíveis (DST).
- Descrever os procedimentos para evitar as DST .
- Praticar hábitos de higiene necessários à convivência social
- uso e limpeza de instalações e áreas coletivas.
- Demonstrar hábitos de higiene pessoal no quartel e em campanha.",14,
62,"Realizar a análise primária de  uma vitima, aplicando técnicas de  primeiros socorros adequada a: - fratura de membro; - hemorragia; - queimadura; - efeitos do frio e do calor.  Transportar doentes e feridos.",B-102,Deverão ser simuladas situações que exijam a aplicação dessas técnicas.,O militar deverá demonstrar desempenho aceitável na prestação dos primeiros socorros.,"- Compreender a importância de buscar-se auxílio médico imediato.
- Demonstrar as técnicas de estancar a hemorragia, proteger o ferimento e prevenir o choque.
- Demonstrar a utilização do curativo individual e do kit de 1º socorros.
- Demonstrar as técnicas de imobilização de fraturas, inclusive com meios de fortuna.
- Aplicar as medidas preventivas e de primeiros socorros aos militares afetados pelo frio ou pelo calor.
- Realizar o transporte de feridos com meios convencionais e improvisados.",14,
63,Socorrer vítimas de picadas,B-103,Deverão ser simuladas situações que exijam a aplicação dessas técnicas.,O militar deverá prestar os primeiros socorros de maneira adequada.,"- Descrever os sintomas que ocorrem nos casos de acidentes causados por animais peçonhentos.
- Demonstrar as técnicas de primeiros socorros a serem aplica das a cada caso.",14,
64,Socorrer vítimas de envenenamento,B-104,Deverão ser simuladas situações que exijam a aplicação dessas técnicas.,O militar deverá prestar os primeiros socorros de maneira adequada.,"- Descrever os sintomas que ocorrem nos casos de envenenamento.
- Compreender a importância de buscar-se auxílio médico imediato.
- Demonstrar as técnicas de primeiros socorros a serem aplicadas.",14,
65,"Socorrer vítimas de afogamento. (este OII poderá ser integrado  com uma atividade de natação,  auxiliado por militares do Corpo de Bombeiro)",B-105,Deverão ser simuladas situações que exijam a aplicação dessas técnicas.,O militar deverá realizar as medidas necessárias para socorrer a vítima.,"- Descrever os riscos existentes durante o salvamento na água.
- Compreender a importância de buscar-se auxílio médico imediato.
- Demonstrar as técnicas de primeiros socorros a serem aplicadas em caso de afogamento.
- Demonstrar as principais técnicas de reanimação.",14,
66,Aplicar o curativo individual de  primeiros socorros.,B-106,Apresentados um ferido simulado e o pacote de curativo individual.,"O militar deverá:
- abrir, adequadamente, o pacote de curativo;
- não tocar nas partes esterilizadas;
- aplicar a substância que acompanha o curativo individual; e
- colocar o curativo sobre o ferimento e amarrá-lo.","- Identificar o pacote de curativo individual e as substâncias adicionais nele existentes.
- Utilizar o pacote.",14,
67,Socorrer os feridos com  queimaduras.,B-107,"Em uma situação simulada, vítimas apresentam queimaduras em diferentes locais do corpo humano e de graus diversos.","O militar deverá:
- realizar todas as operações, de acordo com as normas e as prescrições da técnica do curativo considerado; e
- atender às características do local, do grau e da extensão da queimadura.",- Citar as medidas para tratar de queimados,14,
68,Socorrer vitimas com sintomas de hipotermia.,B-108,"Em uma situação simulada, vítimas apresentam sintomas de hipotermia.","O militar deverá realizar todas as operações, de acordo com as normas e as prescrições de primeiros socorros.",Citar as medidas preventivas e de primeiros socorros dos acidentes causados pelo frio.,14,
69,Socorrer vitimas com sintomas  de insolação e intermação.,B-109,"Em uma situação simulada, vítimas apresentam sintomas de insolação e intermação.","O militar deverá realizar todas as operações, de acordo com as normas e as prescrições de primeiros socorros.",- Citar as medidas preventivas e de primeiros socorros dos acidentes causados pelo sol e pelo calor.,14,
70,Socorrer vitimas com fratura.,B-110,"Em uma situação simulada, uma vítima apresenta uma fratura em local que exige a colocação de talas.
São oferecidos aos militares os materiais necessários.","O militar deverá:
- identificar o tipo do curativo adequado;e
- realizar todas as operações, corretamente.","- Identificar os sinais objetivos de uma fratura, para possível imobilização e cuidados de primeiros socorros.
- Identificar o material de imobilização de primeiros socorros.
- Utilizar o material apresentado e outros meios de fortuna.
- Descrever os processos de imobilização.",14,
71,Estancar vitima com hemorragia.,B-111,"Em uma situação simulada, uma vítima apresenta uma hemorragia externa perfeitamente, localizada.
São fornecidos os materiais necessários ao socorro da vítima.","O militar deverá:
- citar o nome do método indicado para o caso;
- realizar as operações a serem desenvolvidas, de acordo com as normas e prescrições do método; e
- observar, rigorosamente, as condições de assepsia.","- Enumerar as diferenças entre os tipos de hemorragias.
- Descrever os métodos de estancamento de hemorragias.
- Relacionar, a cada situação, um método de estancamento de hemorragia.",14,
72,Socorrer vitima dos efeitos da  altitude,B-112,"Em uma situação simulada em que a vítima apresenta sintomas associados a altitude(anoxemia, efeitos do frio e outros)",O militar deverá identificar corretamente os sintomas e proceder ao socorro adequado.,"- Identificar os sintomas de anoxemia (falta de oxigênio no sangue) 
- Identificar os efeitos do frio (queimaduras e hipotermia)
- Outros",14,
73,Construir uma instalação sanitária ou uma fossa de detritos.,B-113,Dados os materiais necessários e o local.,O militar deverá observar as dimensões adequadas a cada tipo de construção.,"- Conceituar higiene.
- Avaliar a importância da higiene para o bom funcionamento do corpo.
- Enumerar as consequências da falta de higiene.
- Citar os procedimentos adequados nas marchas e os estacionamentos.
- Citar os tipos de instalações sanitárias de campanha.
- Descrever a utilização das instalações sanitárias de campanha.
- Descrever a técnica de fechar as instalações sanitárias de campanha.
- Descrever as medidas para o cuidado com a degradação do Meio Ambiente.",14,
74,Transportar ferido em combate,B-114,Dados os materiais necessários e estabelecido um percurso.,Realizar o transporte de feridos empregando a técnica adequada,"- Descrever a confecção e utilização de padiolas
- Descrever os tipos de transportes.",14,
75,Identificar as atividade de Inteligência e Contrainteligência.,B-101,"Apresentadas situações dentro e fora do quartel, em tempo de paz ou em campanha.",O militar deverá identificar os procedimentos a serem tomados para obter informes (Inteligência) e negar informação (Contrainteligência).,"- Descrever a importância da Inteligência e Contrainteligência.
- Descrever o processo de registro de informes.
- Descrever os procedimentos em campanha para o exame do pessoal inimigo, repatriados, de civis, de documentos e de material.
- Descrever as medidas de Contrainteligência",15,
76,Identificar as situações extraordinárias da tropa.,B-101,Dadas as situações extraordinárias da tropa.,"A identificação, verbal ou escrita, deve abordar a caracterização e peculiaridade das situações extraordinárias da tropa: 
Situação de Apronto Operacional (SAO) e 
Situação de Ordem de Marcha (SOM).","- Citar as situações extraordinárias da tropa.
- Caracterizar as situações extraordinárias da tropa.
- Descrever os procedimentos dos militares quando desencadeadas as situações extraordinária da tropa,  SAO e SOM.",16,
77,Executar o aprestamento individual.,B-102,"Após apresentada a organização dos fardos abertos, de combate e de bagagem, será determinado o aprestamento individual.","O militar deverá acondicionar corretamente, com desembaraço e rapidez, todo o material e suprimento individual em seus três fardos.","- Preparo do Fardo Aberto
- Preparo do Fardo de Combate.
- Preparo do Fardo de Bagagem.
- Normas e peculiaridades constantes das NGA/Grande Unidade (GU) e/ou Unidade (U).",16,
78,Citar as recompensas a que faz jus o Soldado.,B-101,"Deverão ser formuladas perguntas sobre situações retiradas dos Boletins Internos (BI) e da vida diária da OM, podendo, também, ser explorados casos ocorridos em outras OM.",O militar deverá responder acertadamente a maior parte das perguntas.,"- Compreender o significado e a importância da disciplina.
- Demonstrar conhecer as recompensas a que faz jus o militar",17,
79,Identificar as transgressões disciplinares e suas consequências no comportamento militar,B-102,"Deverão ser formuladas perguntas sobre situações retiradas dos BI e da vida diária da OM, podendo, também, ser explorados casos ocorridos em outras OM.","O militar deverá responder, corretamente, a maior parte das perguntas.","- Interpretar a transgressão como violação da disciplina.
- Identificar as principais transgressões definidas no Reguladora Disciplinar do Exército (RDE) (R4).
- Descrever o significado da punição disciplinar.
- Descrever as consequências das punições disciplinares.
- Citar as causas e as consequências de mudanças de comportamento.
- Demonstrar conhecer o significado do comportamento militar.",17,
80,Identificar os crimes militares e suas consequências,B-103,"Deverão ser descritas situações que configurem crimes militares, crimes civis e transgressões disciplinares e formuladas perguntas aos Soldados.","O militar deverá responder, corretamente, a maior parte das perguntas.","- Distinguir crime militar de transgressão disciplinar:
- Identificar as consequências do crime militar.",17,
81,Descrever o papel da Polícia do Exército (ou dos elementos que eventualmente realizam suas tarefas na guarnição).,B-104,"Deverão ser apresentadas situações que caracterizem o emprego da PE, em face da ocorrência dos problemas mais comuns e formuladas perguntas aos Soldados.","O militar deverá responder, corretamente, a maior parte das perguntas.","- Descrever as principais atribuições da PE.
- Identificar os elementos com atribuições de PE na guarnição.",17,
82,Identificar os tipos e as características das marchas à pé,B-101,Apresentados os tipos de marchas e suas característica,Identificar corretamente as características das marchas à pé,- Descrever os procedimentos e as técnicas de execução das marchas a pé.,18,
83,Realizar a 1ª marcha a pé.,B-102,"Realizar a marcha diurna de 8 Km ou 2 horas. 
Uniforme de campanha sem capacete. 
Equipamento aliviado.","O militar deverá executar, corretamente, os procedimentos de marcha e chegar em boas condições físicas e com o equipamento bem ajustado.
Deverá demonstrar cuidado com seu armamento durante a marcha e no alto-horário.","- Identificar o equipamento e o material individual de campanha.
- Executar o aprestamento individual.
- Ajustar e utilizar o equipamento.
- Descrever os procedimentos e as técnicas de execução das marchas a pé.
- Descrever os cuidados com o Meio Ambiente.
- Demonstrar os cuidados a serem tomados com os pés.
- Descrever as particularidades das marchas em ambientes com características especiais (Selva, montanha, caatinga, outros)",18,
84,Realizar a 2ª marcha a pé.,B-103,"Realizar a marcha diurna de 12 Km ou de 3 horas. 
Deverá percorrer a marcha através de terreno variado.
Uniforme de campanha, com capacete, e Equipamento completo.","O militar deverá chegar em boas condições físicas, dentro do dispositivo de marcha e com armamento e equipamento em boas condições.","- Identificar o equipamento e o material individual de campanha.
- Executar o aprestamento individual.
- Ajustar e utilizar o equipamento.
- Descrever os procedimentos e as técnicas de execução das marchas a pé.
- Descrever os cuidados com o Meio Ambiente.
- Demonstrar os cuidados a serem tomados com os pés.
- Descrever as particularidades das marchas em ambientes com características especiais (Selva, montanha, caatinga, outros)",18,
85,Participar da organização de um bivaque de subunidade.,B-104,"O bivaque deverá ser organizado em local com cobertura vegetal, dentro do possível, preferencialmente na área de instrução da OM.
O bivaque poderá ser montado individualmente, por duplas ou por grupo.","O militar deverá preparar adequadamente seu pernoite, de modo a obter relativo conforto, em face das condições climáticas esperadas, bem como de modo a proteger seu armamento e equipamento.

O militar deverá, ainda, realizar a manutenção de seu equipamento e armamento.","- Aplicar os princípios de camuflagem.
- Respeitar a disciplina de luzes e de ruídos.
- Aplicar as medidas de segurança local.
- Aplicar as medidas de higiene em campanha.
- Ocultar vestígios e detritos.
- Preservar ao máximo o meio ambiente da área de bivaque.
- Descrever a montagem da Rede de Selva (OM dotadas), barracas tipo iglu, outras",18,
86,Participar da organização de um acampamento de subunidade.,B-105,"O acampamento deverá ser organizado em local adequado, preferencialmente na área de instrução da OM.
Deverão ser montadas as instalações necessárias para uma permanência de cinco jornadas no campo.","O militar deverá realizar,corretamente, suas tarefas individuais e participar das tarefas coletivas, inclusive montagem de barracas, toldos e instalações sanitárias, de saúde e de cozinha.
O militar deverá realizar a manutenção de seu equipamento e armamento.","- Identificar o material de acampamento da SU.
- Participar da organização das instalações da SU e das barracas de alojamento.
- Aplicar os princípios de camuflagem.
- Respeitar a disciplina de luzes e de ruídos.
- Aplicar as medidas de segurança local.
- Aplicar as medidas de higiene em campanha.
- Ocultar vestígios e detritos.
- Preservar ao máximo o meio ambiente na área de acampamento.",18,
87,Executar os movimentos de ordem unida sem arma.,B-101,"Mediante de demonstração, os militares devem adquirir, paulatinamente, a postura e o entusiasmo.",O militar deverá executar os movimentos com entusiasmo e presteza.,"1. Executar movimentos de ordem unida:
- entrar e sair de forma;
- cobrir e alinhar;
- movimentos a pé firme;
- deslocamento em passo sem cadência; e
- deslocamento em passo ordinário.
2. Executar movimentos de ordem unida no conjunto da fração, mediante comandos à voz e à corneta:
- a pé firme;
- deslocamentos em passo sem cadência, ordinário e acelerado;
- olhar à direita (esquerda) a pé firme e em movimento;
- voltas a pé firme e em movimento; e
- apresentar - armas e descansar 
- armas.
3. Demonstrar os movimentos de ordem unida sem arma no conjunto da subunidade.",19,
88,Executar os movimentos de ordem unida com arma.,B-102,"Mediante demonstração, os militares devem adquirir, paulatinamente, a postura e o entusiasmo.",O militar deverá executar os movimentos com entusiasmo e presteza.,"- Executar movimentos com arma, a pé firme e em movimento.
- Executar movimentos de ordem unida no conjunto da fração, mediante comandos à voz e à corneta/ clarim;
- a pé firme;
- deslocamentos em passo sem cadência, ordinário e acelerado;
- olhar à direita (esquerda) a pé firme e em movimento;
- voltas a pé firme e em movimento;
- armar e desarmar baioneta.
- Executar movimentos de ordem unida para participar da parada diária, guarda do quartel e formaturas especiais.
- Desmontagem e Montagem do Armamento para inspeção.
- Demonstrar os movimentos de ordem unida no conjunto da subunidade, mediante comandos à voz e à corneta.",19,
89,Identificar acidentes do terreno.,B-101,Deverá ser ocupado um PO em que possam ser identificados os principais acidentes do terreno. Durante o percurso serão feitas cinco perguntas (nomeando ou apontando o acidente).,O militar deverá acertar 80% das perguntas.,"- Empregar, corretamente, a nomenclatura militar para a designação de acidentes do terreno.
- Identificar o valor militar de um acidente do terreno.
- Interpretar indícios
- confeccionar esboços",20,
90,Avaliar pequenas e médias distâncias.,B-102,"Em um observatório com boa visibilidade, num setor com cerca de 90º (noventa graus). 
Os pontos para avaliação de distância deverão ser assinalados por bandeirolas brancas (acenadas no momento da avaliação).",O militar deverá avaliar cada distância com erro inferior a 10%.,Avaliar distâncias,20,
91,Descobrir e designar objetivos e alvos.,B-103,"Num setor de 45º, dentro da faixa de 400 a 1000 metros, definida por bandeirolas brancas, com boa visibilidade, serão instaladas três armas automáticas em distâncias diferentes.
Cada arma realizará uma serie de disparos.
(adaptar este OII para ambientes operacionais com campo de visão reduzidos)",O militar deverá descobrir e designar sucessivamente as três armas automáticas,"Descrever o processo direto de designação de objetivos e de alvos.
- Aplicar o processo direto de designação de objetivos e alvos.
- Descrever o processo de leitura de faixas do terreno para designar objetivos e alvos.
- Aplicar o processo de leitura de faixas do terreno para designar objetivos e alvos.
- Descrever o processo indireto para a designação de objetivos e alvos.
- Aplicar o processo indireto para designação de objetivos e alvos.
- Demonstrar habilidade na descoberta e designação de objetivos e alvos.",20,
92,Executar um circuito básico de orientação diurna.,B-104,"De dia, se possível, em terreno variado (movimentado, matoso) o militar, compondo uma equipe de orientação, receberá a missão de percorrer um circuito de orientação balizado por placas. 

O circuito deverá ter de três a quatro placas, cada uma distante de 150 a 250 metros, em função das dificuldades oferecidas pelo terreno e pela vegetação.

Ao chegar a cada placa, a equipe deverá realizar rodízio, de modo que o militar passe por todas as funções na equipe de orientação.

Esta pista deverá ser precedida da aferição do passo e da realização de pista-escola individual, preferencialmente na área do aquartelamento, para o militar praticar com a bússola.
(Deverão ser observadas as técnicas para confecção de pistas de orientação).","O militar deverá realizar corretamente a pista-escola individual, repetindo-a, se necessário, até assimilar o uso adequado da bússola.
O militar deverá realizar, corretamente, a pista de orientação dentro do tempo estipulado, repetindo-a, se necessário.","- Descrever os processos de orientação em campanha.
- Identificar os pontos cardeais e colaterais.
- Aferir o passo (simples ou duplo).
- Descrever e empregar a técnica de navegação em campanha com auxílio da bússola. 
- Descrever as funções na equipe de navegação - homem-passo, homem-
-bússola e homem-ponto. 
- Demonstrar a técnica de navegação em campanha sem auxílio da bússola: azimute de “fuga”, rumo e objetivo em larga frente.
- Comparar a carta ou o esboço com o terreno.",20,
93,Executar um circuito básico de orientação noturna.,B-105,"À noite, em terreno variado, o militar, compondo uma equipe de orientação, receberá a missão de percorrer um circuito de orientação balizado por placas, montado de modo semelhante ao percurso diurno.
Ao chegar a cada placa, a equipe deverá realizar rodízio,de modo que o militar passe por todas as funções na equipe de orientação. 
Esta pista deverá ser precedida da realização de pista-escola noturna.","O militar deverá realizar, corretamente, a pista de orientação dentro do tempo estipulado, repetindo-a, se necessário.","- Descrever e empregar a técnica de navegação noturna em campanha com auxílio da bússola. 
Funções na equipe de navegação – homem passo, homem-bússola e homem - ponto.
- Demonstrar a técnica de navegação em campanha à noite, sem o auxílio da bússola: identificação dos pontos cardeais por meios expeditos;
- comparação da carta ou esboço com o terreno.
- Realizar um circuito de orientação à noite, com auxílio da bússola.",20,
94,Executar um percurso de orientação diurna.,B-106,"De dia, em terreno variado, uma equipe de orientação composta por três a quatro militares, utilizando a bússola e um esboço do terreno (ou uma carta), receberá a missão de deslocar-se de um ponto inicial para um ponto de destino, devendo cobrir alguns pontos intermediários, orientando-se ora pela bússola, ora pela comparação do esboço com o terreno.

O percurso deve ter, aproximadamente, de 3 a 4Km de extensão e, dentro do possível, cruzar áreas de vegetação de maior porte, áreas edificadas e terreno movimentado, ora permitindo o deslocamento por estradas e trilhas, ora exigindo o deslocamento através do campo.

Nos pontos a serem cobertos, poderá ser utilizada a identificação das equipes com o uso de senha e contra-senha.

Este OII deverá ser cumprido durante o 1° acampamento e precedido de instrução teórica na unidade.
Deverão ser observadas as técnicas para confecção de pistas de orientação","O militar deverá realizar, corretamente, o percurso de orientação, dentro do tempo estipulado.","- Descrever os processos de orientação em campanha.
- Identificar os pontos cardeais e colaterais.
- Aferir o passo (simples ou duplo).
- Descrever e empregar a técnica de navegação em campanha com auxílio da bússola. 
- Descrever as funções na equipe de navegação - homem-passo, homem-
-bússola e homem-ponto. 
- Demonstrar a técnica de navegação em campanha sem auxílio da bússola: azimute de “fuga”, rumo e objetivo em larga frente.
- Comparar a carta ou o esboço com o terreno.",20,
95,Executar um percurso de orientação noturna,B-107,"Semelhante à pista diurna.
O percurso deve ter, aproximadamente, de 1,5 a 2Km de extensão e ser similar ao diurno (carta - terreno).
Nos pontos a serem cobertos, poderá ser utilizada a identificação das equipes com o uso de senha e contra-senha.
Este OII deverá ser cumprido durante o 1° acampamento e precedido de instrução teórica na unidade.","O militar deverá realizar, corretamente, o percurso de orientação,dentro do tempo estipulado.","- Descrever e empregar a técnica de navegação noturna em campanha com auxílio da bússola. 
Funções na equipe de navegação – homem passo, homem-bússola e homem - ponto.
- Demonstrar a técnica de navegação em campanha à noite, sem o auxílio da bússola: identificação dos pontos cardeais por meios expeditos;
- comparação da carta ou esboço com o terreno.
- Realizar um circuito de orientação à noite, com auxílio da bússola.",20,
96,"Observar um setor, no período diurno.",B-108,"De dia, a olho nu, em boas condições de visibilidade a 1.200m, com um setor balizado por duas direções limites (nítidas); dez incidentes, representando diversas atividades inimigas, com diferentes graus de dificuldade, entre os 300 e 800m.","O militar deverá identificar, corretamente, pelo menos, sete incidentes.","Descrever a técnica de observação diurna:
- descrever as condições de escolha de um ponto de observação ou de vigilância (campos de vista, proteção, ocultamento);
- identificar o setor de vigilância (limites, pontos ou linhas a vigiar, faixas de observação);
- identificar os indícios da presença e da atividade inimiga.

Aplicar a técnica de observar o setor de vigilância:
- aplicar os procedimentos do vigia;
- transmitir informes (cadernetas de mensagens).

Aplicar as técnicas de observação diurna de uma área edificada.

Demonstrar o desempenho individual estabelecido no OII (Verificação).",20,
97,"Observar um setor, no período noturno.",B-109,"De noite, com aproveitamento integral de um período de escuridão de duas horas, são apresentados incidentes audiovisuais, representando atividades do inimigo, ou sua presença, entre 300 e 800 metros. 
O setor será observado, imediatamente, antes do escurecer e, posteriormente, após o alvorecer. 
Poderão ser empregados equipamentos de visão noturna.",O militar deverá identificar 50% dos incidentes ocorridos.,"Descrever as técnicas de observação e de vigilância noturnas:
- descrever as condições de escolha de um ponto de observação ou de vigilância;
- identificar um setor de vigilância (limites, pontos ou linhas a vigiar);
- identificar indícios auditivos e visuais da presença e atividade inimigas;
- utilizar a audição na vigilância.

Empregar as técnicas de observação e de vigilância noturnas:
- identificar indícios de presença e atividades inimigas;
- identificar as modificações físicas do setor ocorridas durante a noite (comparar a situação antes e depois).
- utilizar o óculos de visão noturna (OVN) para observar o setor",20,
98,Determinar o azimute magnético da direção.,B-110,"No terreno, dadas uma direção e uma bússola.",O azimute determinado pelo militar deve estar correto.,"- Identificar direções na carta e no terreno.
- Distinguir Norte Verdadeiro, Norte Magnético e Norte de Quadrícula.",20,
99,Identificar as principais causas de acidentes.,B-101,"Apresentadas as principais causas de acidentes domésticos, de trabalho e de trânsito.
(poderá contar com a presença de militares do Corpo de Bombeiro, da Polícia Militar ou do Exército, de agentes de trânsito).",O militar deverá identificar corretamente os procedimentos a serem adotados para evitar os acidentes.,"- Identificar as principais causas dos acidentes domésticos.
- Identificar as principais causas dos acidentes de trabalho.
- Identificar as principais causas dos acidentes de trânsito.",21,
100,Identificar as medidas para isolamento e preservação de um local de acidente ou ilícito.,B-102,Apresentada uma situação em que tenha ocorrido acidente ou ilícito.,O militar deverá identificar os procedimentos a serem adotados para isolar e preservar o local do incidente ou de ilícito.,- Identificar a sequência de procedimentos para o isolamento e a preservação do local de acidente ou ilícito.,21,
101,Identificar as ações previstas no Plano de Prevenção e Combate a Incêndio da OM.,B-101,"Simulado um incêndio na área da OM, com a queima de materiais inservíveis (pneus, madeira e outros materiais), o militar deverá agir de modo adequado. 
É conveniente obter a cooperação do Corpo de Bombeiros local, para demonstração de prevenção e combate a incêndio.
Deverá ser realizada até a 4ª Semana de Instrução (SI).
A Direção de Instrução deverá tomar as precauções adequadas com a segurança.","O militar deverá agir com presteza, avaliando a situação, dando o alarme e iniciando o combate ao fogo, dentro das suas possibilidades.","- Identificar as principais causas de incêndios.
- Descrever as principais medidas preventivas.
- Descrever os procedimentos em caso de incêndio e de acionamento do alarme.
- Descrever o emprego dos diversos agentes extintores existentes na OM.
- Identificar a localização dos meios extintores de incêndio e de alarme em sua SU e nas instalações coletivas da OM.
- Citar a composição, as atribuições e os procedimentos corretos da turma de combate a incêndio.
- Descrever os procedimentos em caso de incêndio no aquartelamento e durante o serviço em campanha.
- Descrever os cuidados a serem observados quando do manuseio de materiais inflamáveis, equipamentos elétricos e nos trabalhos em depósitos de material e paióis.
- Descrever as medidas de primeiros socorros em caso de queimaduras ou de intoxicação pela fumaça.",22,
102,Conhecer o serviço de guarda da subunidade.,B-101,"Dentro das atividades do militar na SU.
O militar deverá ficar em condições de participar da escala a partir da 2ª SI.",O militar deverá conhecer as normas gerais e particulares em vigor.,"- Identificar os diversos tipos de serviço de escala a que concorre o militar na SU.
- Identificar o modo de tomada de conhecimento da escala de serviço.
- Descrever a preparação para o serviço e os procedimentos a serem adotados antes e durante a parada diária.
- Demonstrar os deveres, atribuições e responsabilidades do militar de serviço.",23,
103,Conhecer o serviço de guarda do quartel.,B-102,"O militar deverá ficar em condições de participar dessa escala a partir do fim da 1ª Subfase da IIB; não sendo possível, somente a partir da 5ª SI, inclusive.",O militar deverá conhecer as normas gerais e particulares em vigor.,"- Identificar os diversos tipos de serviço de escala a que concorre o militar no âmbito extra - SU.
- Descrever a preparação para o serviço e os procedimentos a serem adotados antes e durante a parada diária.
- Citar os deveres, atribuições e responsabilidades do militar de serviço.
- Demonstrar a conduta a adotar quando da rendição dos postos, da situação de ameaça ao serviço e do acionamento do alarme.
- Saber executar as Normas de Engajamento do PDA.",23,
104,Percorrer um circuito de pista de obstáculos.,B-101,"A pista deve compreender um circuito em terreno variado,dentro do possível,com vegetação de porte diverso e pequeno obstáculo aquático.
O percurso deverá ter aproximadamente1500m de extensão. Haverá uma demonstração, seguida da realização da pista pelos militares, inicialmente desequipados e finalmente com equipamento aliviado e com armamento tipo “pau-de-fogo”.","O militar deverá percorrer a pista, ultrapassando os obstáculos em segurança e empregando a técnica correta,dentro do menor tempo possível.","- Identificar as técnicas de transposição de obstáculos horizontais e verticais com e sem auxílio de cordas.
- Participar de uma pista-escola de transposição de obstáculo, para que possa aprender efetivamente as técnicas preconizadas.
- Demonstrar e aplicar as técnicas de transposição de obstáculos com rapidez e segurança.
- Confeccionar diversos tipos de nó.
- Demonstrar a preparação de assentos com cordas.",24,
105,Realizar a transposição de um curso d’água.,B-102,"O Instrutor deverá preparar, ao longo de um curso d’água ou lago, locais para a travessia.
Em cada um dos locais, a transposição será feita por um dos seguintes métodos:
- utilização de blusa de instrução;
- utilização de calça de Instrução;
- emprego de saco verde oliva (VO);
- emprego cabo submerso;
- emprego a mochila;
- emprego da “pelota”; 
- emprego de “espinha de peixe”; e
- outros meios improvisados.
 Deverão ser cumpridas, rigorosamente, as Normas Gerais de Segurança.","O militar deverá realizar, pelo menos, uma travessia em cada local.","- Identificar as técnicas de transposição de curso d’água.
- Demonstrar e aplicar as técnicas de transposição de curso d’água com rapidez e segurança.",24,
106,"Identificar as técnicas de reconhecimento, manuseio e captura de animais peçonhentos.",B-103,"Deverão ser apresentados ao militar animais peçonhento, ou não peçonhentos.
(este OII poderá ser cumprido juntamente com a matéria Higiene e Primeiros Socorros em Combate)",O militar deverá diferenciar os animais peçonhentos dos não-peçonhentos e realizar as técnicas corretas para a captura e manuseio.,"- identificar os animais peçonhentos
- Descrever as formas de captura.
- identificar o tipo correto de soro a ser aplicado a cada situação.",24,
107,Identificar as regras de sobrevivência,B-104,O instrutor deverá apresentar as regras de sobrevivência,O militar deverá conhecer as regras e seu significado.,Enunciar as regras de sobrevivência.,24,
108,Identificar as espécies vegetais e animais comestíveis mais comuns.,B-105,"Em uma pista no interior da selva, mata ou floresta, dispostos espécimes vegetais e animais, feitas cinco perguntas sobre a flora e cinco sobre a fauna.","O militar deverá responder, corretamente, 80% das perguntas formuladas.","- Identificar as espécies vegetais comestíveis mais comuns.
- Identificar as espécies vegetais nocivas mais comuns.
- Uso da peconha para obter alimentos - Identificar as espécies animais comestíveis mais comuns.
- Identificar as espécies animais nocivas mais comuns
- Descrever as técnicas para o preparo dos alimentos
- Descrever as técnicas para o preparo dos alimentos.",24,
109,Construir uma armadilha para caça ou pesca.,B-106,"Com o material existente na área,construir um dos tipos de armadilhas descritos.","A armadilha deverá funcionar, quando acionada, de forma que evidencie a possibilidade de obtenção da caça ou da pesca.","- Identificar as principais armadilhas e suas partes componentes.
- Enunciar as principais regras para escolha de local para colocação de armadilhas.
mais comuns:
 - Descrever as técnicas para o preparo dos alimentos
 - Descrever as técnicas para o preparo dos alimentos.",24,
110,Preparar o material nativo para construção de abrigo.,B-107,Dado o material nativo para construção de um abrigo.,O militar deverá preparar um abrigo de acordo com a técnica ensinada.,"- Identificar os principais tipos de abrigo.
- Identificar o material nativo para construção de abrigos
- Enunciar as normas para escolha de local e as técnicas de construção.
- Os cuidados e medidas de segurança. 
- dos alimentos.
- Descrever a preparação do material para a construção dos abrigos.",24,
111,Obter fogo e água.,B-108,Dado o material para a obtenção do fogo e da água.,O militar deverá identificar e executar a técnica correta.,"- Descrever os processos de obtenção de água 
- Descrever os processos de obtenção e conservação do fogo. 
- Enunciar os cuidados e medidas de segurança. 
dos alimentos.",24,
112,"Sobreviver utilizando recursos locais. (apenas para as OM do Comando Militar da Amazônia (CMA), do oeste (CMO) e do Nordeste (CMNE) e no 11º BI Mth)",B-109,"Dada uma área balizada que permita a 
execução da sobrevivência.","O militar deverá sobreviver com os recursos locais e apresentar os elementos que caracterizem a sobrevivência (alimento, armadilhas, etc).",- Demonstrar as técnicas aprendidas relacionadas à sobrevivência.,24,
113,Silenciamento de sentinela.,B-110,Deverá ser apresentado ao militar o material necessário e uma sentinela simulada.,O militar deverá aplicar corretamente a técnica de silenciamento.,"- Identificar as técnicas de silenciamento de sentinela
- Demonstrar as técnicas de silenciamento de sentinela.",24,
114,Tiro de Ação Reflexa Diurno.,B-111,"Plataforma: o militar colocado sobre uma plataforma deverá realizar os disparos conforme apareçam os alvos. 
De acordo com a disponibilidade de munição e da área de instrução, poderá ser utilizado o Fuzil de Ar Comprimido (FAC), Fuzil (Fz) (Festim ou M1) ou arma de caça. Ou Trilha: num itinerário balizado e acompanhado por um instrutor, o militar irá percorrer um circuito no qual aparecerão alvos. 
De acordo com a disponibilidade de munição e área de instrução, poderá ser utilizado o FAC, Fz (festim ou M1) ou arma de caça.",O militar deverá executar o procedimento correto para o tiro.,"- Identificar as características do tiro de Ação Reflexa (TAR).
- Identificar as posições de tiro.
- Utilizar as técnicas corretas de progressão.
- Sanar incidentes de tiro com rapidez e segurança.",24,
115,Tiro de Ação Reflexa Noturno.,B-112,"Plataforma: o militar colocado sobre uma plataforma deverá realizar os disparos conforme apareçam os alvos. 
De acordo com a disponibilidade de munição e de área de instrução, poderá ser utilizado o FAC, Fz (festim ou M1) ou arma de caça.",O militar deverá executar o procedimento correto para o tiro.,"- Identificar as características do TAR.
- Identificar as posições de tiro.
- Utilizar as técnicas corretas de progressão.
- Sanar incidentes de tiro com rapidez e segurança.",24,
116,Tiro Embarcado (fluvial),B-113,Com a embarcação parada ou em movimento.,Realizar o tiro embarcado do armamento leve (Fz) de acordo com a IGTAEx.,"- Identificar as características do tiro embarcado.
- Identificar as posições de tiro.
- Utilizar as técnicas corretas de pontaria e tiro.",24,
117,Participar do Treinamento Físico Militar (TFM),B-101,"As condições são as previstas no Manual de Campanha de Treinamento Físico Militar (EB20-MC-10.350).
As sessões iniciais deverão ser realizadas por grupamentos de instrução, precedidas de demonstração e realizadas de forma gradual.
Tão logo o militar atinja o nível dos militares do EP, o TFM deverá ser realizado por fração constituída. (SU/U)",O militar deverá atingir os índices que definem o Padrão Básico de Desempenho Físico (PBD).,De acordo com o EB20-MC-10.350.,25,
118,"Utilizar o terreno para progredir, no combate diurno.",B-101,"Numa faixa de terreno variado, de cerca de 400m de extensão, o militar deverá utilizar as diversas técnicas de progressão.
Monitores orientarão as atividades dos militares, indicando a situação do inimigo (figurado ou não), o ponto do terreno a ser atingido e outros dados julgados necessários, observando a execução do exercício e corrigindo eventuais falhas.","O militar deverá empregar, corretamente, as técnicas de progressão.","- Empregar as técnicas de progressão no combate diurno: deitar, levantar, marchar, correr, rastejar e engatinhar.
- Empregar as técnicas de utilização de cobertas e de abrigos para observar, atirar, ocultar-se, abrigar-se e progredir.
- Empregar as técnicas de utilização do terreno para progredir no combate diurno, sob vistas e fogos do inimigo.
- Demonstrar as técnicas de utilização de cobertas e de abrigos para lançar granadas de mão.",26,
119,"Utilizar o terreno para progredir, no combate noturno.",B-102,"Numa faixa de terreno variado, de cerca de 150 a 200m de extensão, o militar, compondo um grupo de três ou quatro executantes, deverá deslocar-se utilizando as diversas técnicas de progressão.
No final do percurso, deverão observar, com OVN se for o caso (SFC), um setor de 60º e descrever duas atividades inimigas.
Monitores orientarão as atividades dos militares,indicando a situação do inimigo (figurado ou não), o ponto do terreno a ser atingido e outros dados julgados necessários, observando a execução do exercício e corrigindo eventuais falhas.
Obstáculos e dispositivos de alarme poderão ser utilizados, ao longo do percurso.","O militar deverá empregar, corretamente, as técnicas de progressão.","- Empregar as técnicas de progressão no combate noturno: deitar, levantar, marchar, rastejar e engatinhar.
- Empregar os procedimentos adequados às situações comuns no combate noturno: transposição de obstáculos, corte de arame, conduta na presença de iluminativos, disciplina de luz e de silêncio, camuflagem individual, manutenção das direções e das ligações.
- Demonstrar as técnicas de progressão no combate noturno.
- Utilizar-se do OVN para observar um setor (caso a OM possua).",26,
